{
  "rounds": [
    3,
    4,
    5,
    6
  ],
  "classical": [
    0.98568,
    0.82842,
    0.53833,
    0.50002
  ],
  "ml_cnn": [
    0.99993,
    0.97493,
    0.88165,
    0.70093
  ]
}