{
  "0x0040_0x0000": 0.69268,
  "0x0080_0x0000": 0.52444,
  "0x0020_0x0000": 0.61756,
  "0x0001_0x0000": 0.5392,
  "0x8000_0x0000": 0.52814,
  "0x0000_0x0040": 0.50312,
  "0x0000_0x0001": 0.50546,
  "0x0040_0x0040": 0.50512,
  "0x0060_0x0000": 0.61796,
  "0x8004_0x0000": 0.5007,
  "0x0100_0x0000": 0.5269,
  "0x0400_0x0000": 0.5312
}