{
  "MLP_3r": 0.99367,
  "CNN_3r": 0.99993,
  "Siamese_3r": 0.99402,
  "MLP_4r": 0.92446,
  "CNN_4r": 0.9737,
  "Siamese_4r": 0.92817,
  "MLP_5r": 0.82297,
  "CNN_5r": 0.87722,
  "Siamese_5r": 0.83026,
  "MLP_6r": 0.60364,
  "CNN_6r": 0.6955,
  "Siamese_6r": 0.68588,
  "MLP_7r": 0.50231,
  "CNN_7r": 0.5024,
  "Siamese_7r": 0.50401,
  "MLP_8r": 0.50323,
  "CNN_8r": 0.50118,
  "Siamese_8r": 0.50265
}