{
  "R4_to_R5_scratch": 0.88135,
  "R4_to_R5_transfer": 0.87975,
  "R5_to_R6_scratch": 0.70504,
  "R5_to_R6_transfer": 0.69982,
  "R4_to_R6_scratch": 0.70069,
  "R4_to_R6_transfer": 0.69831
}